{
    "UL17_WWZJetsTo4L2Nu": {
        "nleps_counts": [
            158395.0,
            null
        ],
        "njets_counts": [
            94133.0,
            null
        ],
        "nbtagsl_counts": [
            30218.0,
            null
        ],
        "sr_4l_sf_A_counts": [
            866.0,
            null
        ],
        "sr_4l_sf_B_counts": [
            690.0,
            null
        ],
        "sr_4l_sf_C_counts": [
            203.0,
            null
        ],
        "sr_4l_of_1_counts": [
            228.0,
            null
        ],
        "sr_4l_of_2_counts": [
            271.0,
            null
        ],
        "sr_4l_of_3_counts": [
            564.0,
            null
        ],
        "sr_4l_of_4_counts": [
            1861.0,
            null
        ],
        "sr_4l_sf_presel_counts": [
            1836.0,
            null
        ],
        "sr_4l_of_presel_counts": [
            3433.0,
            null
        ],
        "all_events_counts": [
            54868.0,
            null
        ],
        "4l_presel_counts": [
            9865.0,
            null
        ],
        "cr_4l_btag_of_counts": [
            919.0,
            null
        ],
        "cr_4l_sf_counts": [
            393.0,
            null
        ],
        "cr_4l_btag_sf_counts": [
            955.0,
            null
        ],
        "cr_4l_btag_sf_offZ_counts": [
            847.0,
            null
        ],
        "cr_4l_btag_sf_offZ_met80_counts": [
            447.0,
            null
        ],
        "sr_4l_sf_A": [
            0.5511977683719258,
            null
        ],
        "sr_4l_sf_B": [
            0.4597466562756071,
            null
        ],
        "sr_4l_sf_C": [
            0.1316852852306918,
            null
        ],
        "sr_4l_of_1": [
            0.1498127168507909,
            null
        ],
        "sr_4l_of_2": [
            0.18863537390699536,
            null
        ],
        "sr_4l_of_3": [
            0.37945760604926065,
            null
        ],
        "sr_4l_of_4": [
            1.2574913943885722,
            null
        ],
        "sr_4l_sf_presel": [
            1.193888668142479,
            null
        ],
        "sr_4l_of_presel": [
            2.2967307064423976,
            null
        ],
        "all_events": [
            44.554542092725235,
            null
        ],
        "4l_presel": [
            7.062864594060521,
            null
        ],
        "cr_4l_btag_of": [
            0.8712045054150901,
            null
        ],
        "cr_4l_sf": [
            0.2633144810331567,
            null
        ],
        "cr_4l_btag_sf": [
            0.8585255699670182,
            null
        ],
        "cr_4l_btag_sf_offZ": [
            0.7511458992925877,
            null
        ],
        "cr_4l_btag_sf_offZ_met80": [
            0.39497905244658593,
            null
        ]
    }
}
