{
    "UL17_WWZJetsTo4L2Nu": {
        "nleps_counts": [
            158395.0,
            null
        ],
        "njets_counts": [
            94133.0,
            null
        ],
        "nbtagsl_counts": [
            30218.0,
            null
        ],
        "sr_4l_sf_A_counts": [
            866.0,
            null
        ],
        "sr_4l_sf_B_counts": [
            690.0,
            null
        ],
        "sr_4l_sf_C_counts": [
            203.0,
            null
        ],
        "sr_4l_of_1_counts": [
            228.0,
            null
        ],
        "sr_4l_of_2_counts": [
            271.0,
            null
        ],
        "sr_4l_of_3_counts": [
            564.0,
            null
        ],
        "sr_4l_of_4_counts": [
            1861.0,
            null
        ],
        "sr_4l_sf_presel_counts": [
            1836.0,
            null
        ],
        "sr_4l_of_presel_counts": [
            3433.0,
            null
        ],
        "all_events_counts": [
            54868.0,
            null
        ],
        "4l_presel_counts": [
            9865.0,
            null
        ],
        "cr_4l_of_counts": [
            159.0,
            null
        ],
        "cr_4l_sf_counts": [
            393.0,
            null
        ],
        "sr_4l_sf_A": [
            0.6113826727998374,
            null
        ],
        "sr_4l_sf_B": [
            0.5052365531326496,
            null
        ],
        "sr_4l_sf_C": [
            0.14247860853292207,
            null
        ],
        "sr_4l_of_1": [
            0.16384727075985167,
            null
        ],
        "sr_4l_of_2": [
            0.20446058674271855,
            null
        ],
        "sr_4l_of_3": [
            0.4126786421631113,
            null
        ],
        "sr_4l_of_4": [
            1.3895898234158148,
            null
        ],
        "sr_4l_sf_presel": [
            1.3176498409570498,
            null
        ],
        "sr_4l_of_presel": [
            2.521420349141232,
            null
        ],
        "all_events": [
            42.35189975848351,
            null
        ],
        "4l_presel": [
            7.190368592231446,
            null
        ],
        "cr_4l_of": [
            0.1253628576478738,
            null
        ],
        "cr_4l_sf": [
            0.2840108541579843,
            null
        ]
    }
}