{
    "UL17_WWZJetsTo4L2Nu": {
        "nleps_counts": [
            158395.0,
            null
        ],
        "njets_counts": [
            94133.0,
            null
        ],
        "nbtagsl_counts": [
            30218.0,
            null
        ],
        "sr_4l_sf_A_counts": [
            866.0,
            null
        ],
        "sr_4l_sf_B_counts": [
            690.0,
            null
        ],
        "sr_4l_sf_C_counts": [
            203.0,
            null
        ],
        "sr_4l_of_1_counts": [
            228.0,
            null
        ],
        "sr_4l_of_2_counts": [
            271.0,
            null
        ],
        "sr_4l_of_3_counts": [
            564.0,
            null
        ],
        "sr_4l_of_4_counts": [
            1861.0,
            null
        ],
        "all_events_counts": [
            54868.0,
            null
        ],
        "4l_presel_counts": [
            9865.0,
            null
        ],
        "cr_4l_of_counts": [
            159.0,
            null
        ],
        "cr_4l_sf_counts": [
            393.0,
            null
        ],
        "sr_4l_sf_A": [
            0.6564941065153107,
            null
        ],
        "sr_4l_sf_B": [
            0.5439027689862996,
            null
        ],
        "sr_4l_sf_C": [
            0.15502961090533063,
            null
        ],
        "sr_4l_of_1": [
            0.18187831446994096,
            null
        ],
        "sr_4l_of_2": [
            0.22431658784626052,
            null
        ],
        "sr_4l_of_3": [
            0.4469010012689978,
            null
        ],
        "sr_4l_of_4": [
            1.4732143472065218,
            null
        ],
        "all_events": [
            42.997765715117566,
            null
        ],
        "4l_presel": [
            7.726364016125444,
            null
        ],
        "cr_4l_of": [
            0.13424351782305166,
            null
        ],
        "cr_4l_sf": [
            0.30572878575185314,
            null
        ]
    }
}