{
    "NUM_LeptonMvaTight_DEN_TrackerMuons": {
        "abseta_pt": {
            "abseta:[0.0,0.9]": {
                "pt:[10,15]": {
                    "AltSig": 0.0005354437038951332,
                    "massBin": 0.0011367055688243366,
                    "massRange": 0.0003574150704397372,
                    "stat": 0.004120912430902136,
                    "syst": 0.00486490275378064,
                    "tagIso": 0.004686228095273193,
                    "value": 0.8824722210053544
                },
                "pt:[15,20]": {
                    "AltSig": 0.0032259604918543072,
                    "massBin": 0.00035366033150280307,
                    "massRange": 0.0023038908406010083,
                    "stat": 0.0016925972305713707,
                    "syst": 0.004095962036532163,
                    "tagIso": 0.0009680368144982521,
                    "value": 0.9367237746134948
                },
                "pt:[20,25]": {
                    "AltSig": 0.0003532173221323376,
                    "massBin": 0.0013974864310659085,
                    "massRange": 0.001816119101335445,
                    "stat": 0.0008599407639341131,
                    "syst": 0.0034439476990665643,
                    "tagIso": 0.0025465184786297446,
                    "value": 0.9615515362488022
                },
                "pt:[25,30]": {
                    "AltSig": 0.0004848531823365976,
                    "massBin": 0.0005944452906625486,
                    "massRange": 0.000650730352679374,
                    "stat": 0.0004782727626221872,
                    "syst": 0.0024199526193582326,
                    "tagIso": 0.0022009708939528805,
                    "value": 0.9755016210659792
                },
                "pt:[30,40]": {
                    "AltSig": 5.622088553902671e-05,
                    "massBin": 0.00011811999298305675,
                    "massRange": 0.0003017709033563132,
                    "stat": 0.00015448881935215615,
                    "syst": 0.0010564748980864068,
                    "tagIso": 0.0010039723160830127,
                    "value": 0.9837974881350583
                },
                "pt:[40,50]": {
                    "AltSig": 0.00020021736218267527,
                    "massBin": 5.939538714561099e-05,
                    "massRange": 7.759779171273573e-05,
                    "stat": 7.321590478438578e-05,
                    "syst": 0.0007961682463535162,
                    "tagIso": 0.0007643609455547651,
                    "value": 0.98981695817243
                },
                "pt:[50,60]": {
                    "AltSig": 7.104976283645037e-06,
                    "massBin": 0.0001673884821936089,
                    "massRange": 0.0002183463344016534,
                    "stat": 0.00019149587071405646,
                    "syst": 0.000493015800699673,
                    "tagIso": 0.0004090477641227608,
                    "value": 0.9906020712352855
                },
                "pt:[60,120]": {
                    "AltSig": 0.00021149061373204603,
                    "massBin": 9.927724450370379e-05,
                    "massRange": 0.00013487919565052797,
                    "stat": 0.000270427616318774,
                    "syst": 0.0003293908880774806,
                    "tagIso": 0.00018900187500692223,
                    "value": 0.9924950458298081
                }
            },
            "abseta:[0.9,1.2]": {
                "pt:[10,15]": {
                    "AltSig": 0.00025161853664712464,
                    "massBin": 0.00023363806367515672,
                    "massRange": 0.001912221032298822,
                    "stat": 0.007886925265695602,
                    "syst": 0.0025482417745164476,
                    "tagIso": 0.0016489536780159852,
                    "value": 0.8736079192549333
                },
                "pt:[15,20]": {
                    "AltSig": 0.0015123464894691852,
                    "massBin": 0.0007273304670239455,
                    "massRange": 0.0019396697344629121,
                    "stat": 0.0028650806526006913,
                    "syst": 0.004211613590056934,
                    "tagIso": 0.003340534214865909,
                    "value": 0.9465964359447012
                },
                "pt:[20,25]": {
                    "AltSig": 0.0001020416857072659,
                    "massBin": 0.0011465288526815165,
                    "massRange": 0.0019227993605634985,
                    "stat": 0.001728711530082704,
                    "syst": 0.003362214011718352,
                    "tagIso": 0.0025064685842752232,
                    "value": 0.9654214423694073
                },
                "pt:[25,30]": {
                    "AltSig": 0.0007450653321692258,
                    "massBin": 0.00044071415764934674,
                    "massRange": 0.001013422084486959,
                    "stat": 0.0010028286816933893,
                    "syst": 0.001533011562806311,
                    "tagIso": 0.0007574620864564396,
                    "value": 0.9768000963800522
                },
                "pt:[30,40]": {
                    "AltSig": 0.00033415313575069217,
                    "massBin": 0.00031930908629157484,
                    "massRange": 0.0006719391183597212,
                    "stat": 0.00022277262547629293,
                    "syst": 0.0012969084214402298,
                    "tagIso": 0.0010083911265477141,
                    "value": 0.9848464178886305
                },
                "pt:[40,50]": {
                    "AltSig": 0.0001647427155960779,
                    "massBin": 0.00023677828443302573,
                    "massRange": 5.078941665970227e-05,
                    "stat": 0.00017526026765590476,
                    "syst": 0.0007462526485958205,
                    "tagIso": 0.00068637404698213,
                    "value": 0.9908448859039223
                },
                "pt:[50,60]": {
                    "AltSig": 5.835139539278611e-05,
                    "massBin": 3.9316936251865275e-05,
                    "massRange": 0.00017178450625660036,
                    "stat": 0.00033341087147764593,
                    "syst": 0.0005926094819656746,
                    "tagIso": 0.0005627835949148507,
                    "value": 0.9927121904459862
                },
                "pt:[60,120]": {
                    "AltSig": 9.995372037840955e-05,
                    "massBin": 9.777382775005838e-05,
                    "massRange": 8.532608885419846e-05,
                    "stat": 0.00036683216759116,
                    "syst": 0.00042226057361657756,
                    "tagIso": 0.0003891953018491656,
                    "value": 0.9938997426859886
                }
            },
            "abseta:[1.2,2.1]": {
                "pt:[10,15]": {
                    "AltSig": 0.0005475555651289765,
                    "massBin": 0.0004356035286221527,
                    "massRange": 0.004176330083761004,
                    "stat": 0.00454570388503855,
                    "syst": 0.0050399546738185514,
                    "tagIso": 0.0027331012814322264,
                    "value": 0.869374267762216
                },
                "pt:[15,20]": {
                    "AltSig": 0.0018582481529985095,
                    "massBin": 0.0004367506183549641,
                    "massRange": 0.00023778531423795934,
                    "stat": 0.002130792680039669,
                    "syst": 0.005013763470834703,
                    "tagIso": 0.00463005885330342,
                    "value": 0.9576304580899894
                },
                "pt:[20,25]": {
                    "AltSig": 0.0019555996960065603,
                    "massBin": 0.0003944486702054939,
                    "massRange": 0.0010555553745287827,
                    "stat": 0.0011557900609003033,
                    "syst": 0.002937524985710206,