{
    "NUM_LeptonMvaTight_DEN_TrackerMuons": {
        "abseta_pt": {
            "abseta:[0.0,0.9]": {
                "pt:[10,15]": {
                    "AltSig": 9.516857488245378e-05,
                    "massBin": 0.0005083866212011179,
                    "massRange": 0.0016452398006056579,
                    "stat": 0.005825108291770372,
                    "syst": 0.0026852888226093627,
                    "tagIso": 0.002058263356587875,
                    "value": 0.905400827062145
                },
                "pt:[15,20]": {
                    "AltSig": 0.0003142919382406184,
                    "massBin": 0.000845916132900193,
                    "massRange": 0.0021808722943331693,
                    "stat": 0.0023579559837637078,
                    "syst": 0.0029572789793886186,
                    "tagIso": 0.0017818365445236295,
                    "value": 0.9336521790427037
                },
                "pt:[20,25]": {
                    "AltSig": 0.0007149906405162776,
                    "massBin": 0.0009132775364497636,
                    "massRange": 0.002612977827808116,
                    "stat": 0.0011637408329534062,
                    "syst": 0.0031856936524004044,
                    "tagIso": 0.0014055971840174486,
                    "value": 0.9516225040230443
                },
                "pt:[25,30]": {
                    "AltSig": 0.00011495671199168722,
                    "massBin": 0.0006270777067373667,
                    "massRange": 0.0014106865453445416,
                    "stat": 0.0006338264673864369,
                    "syst": 0.0025210146088396504,
                    "tagIso": 0.0019897328043855245,
                    "value": 0.9725947114634425
                },
                "pt:[30,40]": {
                    "AltSig": 1.4162357172664564e-05,
                    "massBin": 0.00011265394429949005,
                    "massRange": 0.00041248896502127375,
                    "stat": 0.00020851334808387172,
                    "syst": 0.0011243695057877585,
                    "tagIso": 0.0010397923618464255,
                    "value": 0.9841718090943419
                },
                "pt:[40,50]": {
                    "AltSig": 7.935822335458642e-05,
                    "massBin": 3.214823999192484e-05,
                    "massRange": 7.802962441555428e-05,
                    "stat": 0.00013209852870833046,
                    "syst": 0.00033230322546491415,
                    "tagIso": 0.00031145717911035264,
                    "value": 0.9899941963185648
                },
                "pt:[50,60]": {
                    "AltSig": 3.960055028173759e-05,
                    "massBin": 1.08137291139343e-05,
                    "massRange": 0.0001778605723808946,
                    "stat": 0.0002579359344976163,
                    "syst": 0.0005709256285955023,
                    "tagIso": 0.0005409589169794171,
                    "value": 0.9914948117813714
                },
                "pt:[60,120]": {
                    "AltSig": 0.006976907788808773,
                    "massBin": 4.3730451485979316e-05,
                    "massRange": 9.622696261196717e-05,
                    "stat": 0.00030851113985850697,
                    "syst": 0.006978223386366098,
                    "tagIso": 8.477827413627681e-05,
                    "value": 0.9930230922111912
                }
            },
            "abseta:[0.9,1.2]": {
                "pt:[10,15]": {
                    "AltSig": 0.004307216161791638,
                    "massBin": 0.002697179748254064,
                    "massRange": 0.0006282967874428613,
                    "stat": 0.010607020276900293,
                    "syst": 0.00696869455763835,
                    "tagIso": 0.004726632768235373,
                    "value": 0.9135418467796228
                },
                "pt:[15,20]": {
                    "AltSig": 0.00030754112927289246,
                    "massBin": 0.0009000431945199727,
                    "massRange": 0.0013337835672247444,
                    "stat": 0.004032679554063988,
                    "syst": 0.002074847922408943,
                    "tagIso": 0.0012733247813224158,
                    "value": 0.9370105289620813
                },
                "pt:[20,25]": {
                    "AltSig": 0.0006347254218910248,
                    "massBin": 0.0006625195176417353,
                    "massRange": 0.0005554214445371852,
                    "stat": 0.002202154010947681,
                    "syst": 0.002273063084304417,
                    "tagIso": 0.0020041243304058654,
                    "value": 0.9584338680386593
                },
                "pt:[25,30]": {
                    "AltSig": 0.0009500286139791925,
                    "massBin": 0.00018822813771834923,
                    "massRange": 0.0005127741588862866,
                    "stat": 0.0012965473112274233,
                    "syst": 0.0011901059613511828,
                    "tagIso": 0.00046414508724529346,
                    "value": 0.975123816928675
                },
                "pt:[30,40]": {
                    "AltSig": 0.00028003080799754443,
                    "massBin": 9.27300218812599e-05,
                    "massRange": 0.00034650658274831825,
                    "stat": 0.00041088968489081887,
                    "syst": 0.0005474077314131593,
                    "tagIso": 0.00030425696727787166,
                    "value": 0.9845519036301565
                },
                "pt:[40,50]": {
                    "AltSig": 0.00021852046443593398,
                    "massBin": 6.410728966593782e-05,
                    "massRange": 0.00019756802601383905,
                    "stat": 0.0002286140740990059,
                    "syst": 0.0005713436225992159,
                    "tagIso": 0.0004853240898782807,
                    "value": 0.9890696500566802
                },
                "pt:[50,60]": {
                    "AltSig": 0.00011632957537388577,
                    "massBin": 4.468095473270095e-05,
                    "massRange": 0.0002820606876777765,
                    "stat": 0.00043771065556102344,
                    "syst": 0.0006518636572808739,
                    "tagIso": 0.0005743161484129122,
                    "value": 0.9905518293159389
                },
                "pt:[60,120]": {
                    "AltSig": 4.2821939746473525e-05,
                    "massBin": 3.824237158162047e-05,
                    "massRange": 0.000515222132321691,
                    "stat": 0.0005801680196692582,
                    "syst": 0.0006063125123878174,
                    "tagIso": 0.00031442776521178883,
                    "value": 0.9944211497875074
                }
            },
            "abseta:[1.2,2.1]": {
                "pt:[10,15]": {
                    "AltSig": 0.002041741704557065,
                    "massBin": 0.0006849351751672672,
                    "massRange": 0.002881893037883221,
                    "stat": 0.007922003861106575,
                    "syst": 0.0059911200855461135,
                    "tagIso": 0.004790654132300232,
                    "value": 0.9458564984575326
                },
                "pt:[15,20]": {
                    "AltSig": 0.002990008823436141,
                    "massBin": 0.0010420000124318207,
                    "massRange": 0.0019446318292555276,
                    "stat": 0.002893175683418627,
                    "syst": 0.004502954278906671,
                    "tagIso": 0.002543440090986282,
                    "value": 0.9481263583388553
                },
                "pt:[20,25]": {
                    "AltSig": 0.0022474610694313,
                    "massBin": 0.0008974067308745171,
                    "massRange": 0.002410250079982912,
                    "stat": 0.0015405062175997176,
                    "syst": 0.0034169912053910708,