{
    "NUM_LeptonMvaTight_DEN_TrackerMuons": {
        "abseta_pt": {
            "abseta:[0.0,0.9]": {
                "pt:[10,15]": {
                    "AltSig": 0.001794668529474408,
                    "massBin": 0.00035244472339446276,
                    "massRange": 0.00105095340148198,
                    "stat": 0.00711707690074481,
                    "syst": 0.005593181004282421,
                    "tagIso": 0.0051801658545692075,
                    "value": 0.8906135988696489
                },
                "pt:[15,20]": {
                    "AltSig": 0.0025311144717226064,
                    "massBin": 0.0009096968559493823,
                    "massRange": 0.0034888565071538036,
                    "stat": 0.0025493102346905304,
                    "syst": 0.005279485675093961,
                    "tagIso": 0.0029097698237704472,
                    "value": 0.9154376529113443
                },
                "pt:[20,25]": {
                    "AltSig": 0.00027414155401983553,
                    "massBin": 0.001087865438453739,
                    "massRange": 0.0011246915874314478,
                    "stat": 0.0012414165398046384,
                    "syst": 0.003749424553637651,
                    "tagIso": 0.0033962697938708097,
                    "value": 0.9483855838269287
                },
                "pt:[25,30]": {
                    "AltSig": 0.00015106701566447445,
                    "massBin": 0.0003017052721271951,
                    "massRange": 0.0008188566614947823,
                    "stat": 0.0006718823060357615,
                    "syst": 0.003876514940608457,
                    "tagIso": 0.0037739892074878933,
                    "value": 0.9707016301752767
                },
                "pt:[30,40]": {
                    "AltSig": 0.0002744053245251621,
                    "massBin": 0.00019351547954887804,
                    "massRange": 0.0007019766345200407,
                    "stat": 0.00021917448756066655,
                    "syst": 0.0018980290881472261,
                    "tagIso": 0.0017311836127598124,
                    "value": 0.9828862380773977
                },
                "pt:[40,50]": {
                    "AltSig": 0.00011384172960393624,
                    "massBin": 3.376591423603914e-05,
                    "massRange": 0.00013777552760640965,
                    "stat": 0.0001341163569232481,
                    "syst": 0.0009774386378949822,
                    "tagIso": 0.0009603666583546944,
                    "value": 0.9897756310142636
                },
                "pt:[50,60]": {
                    "AltSig": 0.00012182283642980796,
                    "massBin": 2.7449055371886466e-05,
                    "massRange": 0.00023697119588883542,
                    "stat": 0.0002650752648403933,
                    "syst": 0.0009780082030797898,
                    "tagIso": 0.000940611738972974,
                    "value": 0.9932889570445501
                },
                "pt:[60,120]": {
                    "AltSig": 9.086552649728574e-05,
                    "massBin": 4.946324986437878e-05,
                    "massRange": 0.000509278982058825,
                    "stat": 0.00037068895001998264,
                    "syst": 0.0006193307039841153,
                    "tagIso": 0.00033690099782845984,
                    "value": 0.9928818212423124
                }
            },
            "abseta:[0.9,1.2]": {
                "pt:[10,15]": {
                    "AltSig": 0.0022794060471345023,
                    "massBin": 0.0020155041898906045,
                    "massRange": 0.00129981065811402,
                    "stat": 0.01150221318104872,
                    "syst": 0.006369557361760615,
                    "tagIso": 0.005442775410636758,
                    "value": 0.8891781180034699
                },
                "pt:[15,20]": {
                    "AltSig": 0.0036484575604669445,
                    "massBin": 0.004034858855948953,
                    "massRange": 0.003257264596469578,
                    "stat": 0.004478527876680055,
                    "syst": 0.006767093603228758,
                    "tagIso": 0.0023648371245156286,
                    "value": 0.9290584503359859
                },
                "pt:[20,25]": {
                    "AltSig": 0.003648845317198557,
                    "massBin": 0.0038289477315134324,
                    "massRange": 0.003016126803688346,
                    "stat": 0.002418921501235203,
                    "syst": 0.006350462403099862,
                    "tagIso": 0.0018045605996346858,
                    "value": 0.9535398515113269
                },
                "pt:[25,30]": {
                    "AltSig": 0.0013277444168732222,
                    "massBin": 0.0002414253490747864,
                    "massRange": 0.0028183208076706934,
                    "stat": 0.0013973340839810325,
                    "syst": 0.004570939992771873,
                    "tagIso": 0.0033360708635845615,
                    "value": 0.9715573579217887
                },
                "pt:[30,40]": {
                    "AltSig": 7.386424145061632e-05,
                    "massBin": 2.32531465070851e-05,
                    "massRange": 0.00021370799807807206,
                    "stat": 0.0004404309306359748,
                    "syst": 0.0014513728234938307,
                    "tagIso": 0.001433462705948907,
                    "value": 0.9817583686296315
                },
                "pt:[40,50]": {
                    "AltSig": 0.0001499490734215847,
                    "massBin": 3.736383629382445e-05,
                    "massRange": 0.00023848287236682975,
                    "stat": 0.00021522279953918656,
                    "syst": 0.0009459395285100894,
                    "tagIso": 0.0009022453825334731,
                    "value": 0.988716485917649
                },
                "pt:[50,60]": {
                    "AltSig": 1.0311105552274213e-05,
                    "massBin": 5.362528150087975e-06,
                    "massRange": 0.0001482833890294466,
                    "stat": 0.0003831821870018139,
                    "syst": 0.0009384822845983314,
                    "tagIso": 0.0009266207203796895,
                    "value": 0.9904664179008486
                },
                "pt:[60,120]": {
                    "AltSig": 8.77869317919e-05,
                    "massBin": 0.00011621237370962323,
                    "massRange": 0.0006694193946379379,
                    "stat": 0.0006359551678896634,
                    "syst": 0.0017847960824246272,
                    "tagIso": 0.0016480785383968244,
                    "value": 0.9930877181592119
                }
            },
            "abseta:[1.2,2.1]": {
                "pt:[10,15]": {
                    "AltSig": 0.0013200139734085292,
                    "massBin": 0.00018030709470584494,
                    "massRange": 0.0020724349777064277,
                    "stat": 0.007967089786360865,
                    "syst": 0.00350478942263573,
                    "tagIso": 0.002492712302252953,
                    "value": 0.9020984509239869
                },
                "pt:[15,20]": {
                    "AltSig": 0.0019696182631383508,
                    "massBin": 0.00048248936222877736,
                    "massRange": 0.002620828129785535,
                    "stat": 0.003039432812464859,
                    "syst": 0.004430680031965583,
                    "tagIso": 0.0029410871072838574,
                    "value": 0.9161564808928513
                },
                "pt:[20,25]": {
                    "AltSig": 0.0011063402436133352,
                    "massBin": 0.00042004595720535054,
                    "massRange": 0.0010723110221640408,
                    "stat": 0.0016293380248575283,
                    "syst": 0.004099073313790381,