{
    "NUM_LeptonMvaTight_DEN_TrackerMuons": {
        "abseta_pt": {
            "abseta:[0.0,0.9]": {
                "pt:[10,15]": {
                    "AltSig": 0.0010255010017923283,
                    "massBin": 0.0017305980514741859,
                    "massRange": 0.004268741217211436,
                    "stat": 0.004341300946374222,
                    "syst": 0.006199376907719298,
                    "tagIso": 0.004020385621305522,
                    "value": 0.8904950319072447
                },
                "pt:[15,20]": {
                    "AltSig": 0.0012212320730782267,
                    "massBin": 0.001254440013060576,
                    "massRange": 0.0015090399958663792,
                    "stat": 0.0015455576321770196,
                    "syst": 0.003203549052722194,
                    "tagIso": 0.0022182193988400933,
                    "value": 0.9422277853398427
                },
                "pt:[20,25]": {
                    "AltSig": 0.0003785443103454522,
                    "massBin": 0.0014235991141327564,
                    "massRange": 0.001255633129163547,
                    "stat": 0.0007737909006130102,
                    "syst": 0.004354663027146675,
                    "tagIso": 0.0039008390497802803,
                    "value": 0.9629544539933911
                },
                "pt:[25,30]": {
                    "AltSig": 0.00029205474609095283,
                    "massBin": 0.0002363453342150157,
                    "massRange": 0.0005076048583976811,
                    "stat": 0.0004214403803100943,
                    "syst": 0.002942189843605385,
                    "tagIso": 0.0028736150215062373,
                    "value": 0.97713286586097
                },
                "pt:[30,40]": {
                    "AltSig": 4.348435525758365e-05,
                    "massBin": 7.998172682632809e-05,
                    "massRange": 0.0003451213442098311,
                    "stat": 0.00013775785983052125,
                    "syst": 0.0012174645322564016,
                    "tagIso": 0.0011639687192080417,
                    "value": 0.9862079646445797
                },
                "pt:[40,50]": {
                    "AltSig": 0.00020066888045322528,
                    "massBin": 3.028080577865966e-05,
                    "massRange": 6.261392143352973e-05,
                    "stat": 7.317520259410747e-05,
                    "syst": 0.0007790960609536744,
                    "tagIso": 0.0007495900494638996,
                    "value": 0.9916023074422644
                },
                "pt:[50,60]": {
                    "AltSig": 0.0007481385146455022,
                    "massBin": 0.0007649926777282268,
                    "massRange": 6.381900102198079e-05,
                    "stat": 0.0001650595369884088,
                    "syst": 0.0011554383685623592,
                    "tagIso": 0.0004313234570259561,
                    "value": 0.9930232467106406
                },
                "pt:[60,120]": {
                    "AltSig": 0.0001252577421074763,
                    "massBin": 1.1368011307522075e-05,
                    "massRange": 0.00012101722233992529,
                    "stat": 0.00022878457302006938,
                    "syst": 0.0004397142643976838,
                    "tagIso": 0.00040358980732047023,
                    "value": 0.993728660727656
                }
            },
            "abseta:[0.9,1.2]": {
                "pt:[10,15]": {
                    "AltSig": 0.005642832072032866,
                    "massBin": 0.0023504669984701354,
                    "massRange": 0.002648181785636916,
                    "stat": 0.007046514165957566,
                    "syst": 0.007973566389191573,
                    "tagIso": 0.004381625872779016,
                    "value": 0.8809080254177907
                },
                "pt:[15,20]": {
                    "AltSig": 0.0015971142384427761,
                    "massBin": 0.0034466068785000137,
                    "massRange": 0.0038065783393114727,
                    "stat": 0.0028552847821712527,
                    "syst": 0.007192863828161648,
                    "tagIso": 0.004776753974363834,
                    "value": 0.9376953614336494
                },
                "pt:[20,25]": {
                    "AltSig": 0.002071838138192339,
                    "massBin": 0.00033744843537986124,
                    "massRange": 0.0023046231862559607,
                    "stat": 0.0015127227174338805,
                    "syst": 0.003869955328168664,
                    "tagIso": 0.002293225129372134,
                    "value": 0.9513844833469352
                },
                "pt:[25,30]": {
                    "AltSig": 0.0014926176705298833,
                    "massBin": 0.00016030071046252425,
                    "massRange": 0.000134409767676813,
                    "stat": 0.0008817886427836119,
                    "syst": 0.0026008979483986253,
                    "tagIso": 0.002119669862073903,
                    "value": 0.9681554843796659
                },
                "pt:[30,40]": {
                    "AltSig": 0.00021756419136287342,
                    "massBin": 6.19369386936075e-05,
                    "massRange": 0.00034538115572474437,
                    "stat": 0.00028392774698217843,
                    "syst": 0.0015561505082444392,
                    "tagIso": 0.0015003819179933986,
                    "value": 0.9817052615306116
                },
                "pt:[40,50]": {
                    "AltSig": 0.00011092408828194955,
                    "massBin": 7.04815391782132e-05,
                    "massRange": 0.0002792101157287341,
                    "stat": 0.000158005905255857,
                    "syst": 0.0008219261293389837,
                    "tagIso": 0.0007617955582955305,
                    "value": 0.9888595634096488
                },
                "pt:[50,60]": {
                    "AltSig": 2.0337472568465742e-05,
                    "massBin": 2.1081871072692326e-05,
                    "massRange": 0.00016358990542303387,
                    "stat": 0.00021296909809486486,
                    "syst": 0.00046795179857605953,
                    "tagIso": 0.00043744619161201204,
                    "value": 0.9905460060400056
                },
                "pt:[60,120]": {
                    "AltSig": 6.8472647275164e-05,
                    "massBin": 1.5130044298428125e-05,
                    "massRange": 0.0004445329333485071,
                    "stat": 0.00038421661897643103,
                    "syst": 0.0005589871902383557,
                    "tagIso": 0.0003315716036602079,
                    "value": 0.9922391986493277
                }
            },
            "abseta:[1.2,2.1]": {
                "pt:[10,15]": {
                    "AltSig": 0.001386705861524118,
                    "massBin": 0.0005736946655792718,
                    "massRange": 0.001132808247723105,
                    "stat": 0.0045818768633254705,
                    "syst": 0.0021293505051182024,
                    "tagIso": 0.0009993999859106428,
                    "value": 0.8713106918532911
                },
                "pt:[15,20]": {
                    "AltSig": 0.0002583955329554799,
                    "massBin": 0.01240673393515379,
                    "massRange": 0.001466082754648157,
                    "stat": 0.0018458016587786315,
                    "syst": 0.012932564369499978,
                    "tagIso": 0.0033328677349447333,
                    "value": 0.9387292995348198
                },
                "pt:[20,25]": {
                    "AltSig": 0.0020681400786305426,
                    "massBin": 0.0005645143426171173,
                    "massRange": 0.002343377413981551,
                    "stat": 0.001006924782713354,
                    "syst": 0.003909658590119427,